voltage_750,voltage_810,voltage_940,voltage_1600,true_glucose_mg_dl
3.374176286536068,3.09906777838188,2.856961021384578,1.21232181799135,150.0
